{"count":1,"self":15785.0484736,"total":17729.3302577,"children":{"InitializeActuators":{"count":8,"self":0.0013625999999999998,"total":0.0013625999999999998,"children":null},"InitializeSensors":{"count":8,"self":0.0019995,"total":0.0019995,"children":null},"AgentSendState":{"count":522967,"self":21.9636368,"total":30.918882999999997,"children":{"CollectObservations":{"count":836752,"self":1.9665279999999998,"total":1.9665279,"children":null},"WriteActionMask":{"count":836752,"self":0.1318238,"total":0.1318238,"children":null},"RequestDecision":{"count":836752,"self":0.8638853,"total":6.8568942999999996,"children":{"AgentInfo.ToProto":{"count":836752,"self":0.74168269999999992,"total":5.993009,"children":{"GenerateSensorData":{"count":836752,"self":4.4159748,"total":5.2513263,"children":{"RayPerceptionSensor.Perceive":{"count":2510256,"self":0.8353514,"total":0.8353514,"children":null}}}}}}}}},"DecideAction":{"count":522967,"self":1900.7043583999998,"total":1900.7043001999998,"children":null},"AgentAct":{"count":522967,"self":12.6480616,"total":12.6539638,"children":{"AgentInfo.ToProto":{"count":832,"self":0.0010595,"total":0.0059022,"children":{"GenerateSensorData":{"count":832,"self":0.0038303,"total":0.0048427,"children":{"RayPerceptionSensor.Perceive":{"count":2496,"self":0.0010123999999999999,"total":0.0010123999999999999,"children":null}}}}}}}},"gauges":{"Hummingbird.CumulativeReward":{"count":832,"max":45.73472,"min":-16.5,"runningAverage":9.829009,"value":43.2180443,"weightedAverage":34.8675461}},"metadata":{"timer_format_version":"0.1.0","start_time_seconds":"1683563104","unity_version":"2021.3.11f1","command_line_arguments":"C:\\Program Files\\Unity\\Hub\\Editor\\2021.3.11f1\\Editor\\Unity.exe -projectpath C:\\Users\\Amelia\\Documents\\GitHub\\HummingbirdMLAgents\\HummingbirdMLAgents -useHub -hubIPC -cloudEnvironment production -licensingIpc LicenseClient-Amelia -hubSessionId b0d2b0f2-8a6b-4e8f-a09c-1306a17ac686","communication_protocol_version":"1.5.0","com.unity.ml-agents_version":"2.0.1","scene_name":"Training","end_time_seconds":"1683580834"}}